deal_id,dealname,ipm_scheduled,ipm_held,dealstage,pipeline,hubspot_owner_id,platform_amt,closedate,createdate
18916057409,Novartis - EQ/IQ,2024-02-23,2024-02-27,138620988,72018330,693091902,155000.00,2024-12-11T19:17:30.280Z,2021-08-10T04:00:00Z
18915046957,MassMutual FA - EQ 2024-25,2023-10-01,2023-10-11,138669962,72018330,702586472,60000.00,2024-05-10T20:52:33.603Z,2023-04-15T04:00:00Z
18915160911,Bose - IQ + EQ,2023-08-19,2023-08-29,138669962,72018330,702586472,200000.00,2024-07-24T19:04:20.532Z,2023-08-29T04:00:00Z
18915056752,Chase Digital - IQ,2023-08-21,2023-08-31,138669962,72018330,702586472,225000.00,2024-07-24T19:16:47.446Z,2023-08-31T04:00:00Z
18972270663,Deloitte - EQ 2025-26 Renewal,2024-12-12,2024-12-19,162267304,87159604,723668113,168268.00,2026-03-26T19:10:31.194Z,2023-08-31T04:00:00Z
18916075033,Axios - EQ Paid 2024-25 Upsell,2023-09-04,2023-09-14,138669962,72018330,723668113,95000.00,2025-01-17T21:57:59.876Z,2023-09-14T04:00:00Z
18916199307,ServiceNow - Consulting,2023-11-16,2023-11-21,138620988,72018330,723668113,,2024-05-02T13:51:31.968Z,2023-11-29T05:00:00Z
18916118309,Blackrock - EQ + IQ,2023-11-15,2023-12-01,138669962,72018330,702586472,250000.00,2024-06-27T18:14:47.096Z,2023-12-04T05:00:00Z
18915074312,Synchrony - AIQ (self-serve),2024-03-18,2024-04-04,138620988,72018330,702586472,115000.00,2025-08-13T22:03:10.480Z,2023-12-18T05:00:00Z
18916097398,SAP - Knotch One 2024-25,2023-11-09,2023-11-16,138669962,72018330,702586472,150000.00,2024-05-10T21:35:00.832Z,2023-12-19T05:00:00Z
21115169889,MoneyLion - K1,2023-11-04,2023-11-14,138669962,72018330,702586472,150000.00,2024-08-27T21:45:22.994Z,2023-12-19T05:00:00Z
18914576279,Kaiser - AIQ 2024-25 Cross-sell,2023-08-28,2023-09-07,138669962,72018330,693091902,50000.00,2024-08-26T15:27:25.653Z,2023-12-20T05:00:00Z
19338721933,Wells Fargo 2024-25 AIQ CC,2024-01-08,2024-01-12,138620988,72018330,723668113,117750.00,2024-10-23T18:28:46.637Z,2024-01-12T05:00:00Z
18914556980,Think With Google - K1 / AgentC,2024-01-19,2024-01-24,138669962,72018330,693091902,100000.00,2025-08-22T04:53:23.497Z,2024-02-15T05:00:00Z
18914570329,"Core Digital Media (Quicken Loans, LowerMyBills) - Knotch One 2024-25",2024-01-19,2024-01-30,138669962,72018330,693091902,75000.00,2024-10-15T21:09:32.517Z,2024-02-15T05:00:00Z
18915029140,U.S. Bank - EQ + IQ 2024-25,2024-01-17,2024-01-30,138669962,72018330,693091902,200000.00,2025-02-18T16:34:27.429Z,2024-02-15T05:00:00Z
18915160910,AAA - Knotch One (Pace),2024-02-14,2024-02-29,138620988,72018330,693091902,165000.00,2024-11-18T17:47:55.457Z,2024-02-15T05:00:00Z
18916071073,Zoom IQ 2024-25 ,2023-11-16,2023-12-08,138620988,72018330,693091902,99000.00,2024-10-29T00:18:23.043Z,2024-02-15T05:00:00Z
18916160040,SoFi - EQ 2024-25,2024-01-30,2024-01-31,138620988,72018330,693091902,185000.00,2024-09-30T18:46:42.137Z,2024-02-23T05:00:00Z
18915148403,EY - IQ + EQ + Consulting,2024-02-02,2024-02-09,138669962,72018330,702586472,200000.00,2024-09-27T18:14:15.198Z,2024-02-28T05:00:00Z
18915148404,Novant - K1,2024-02-23,2024-02-26,138669962,72018330,702586472,120000.00,2024-07-01T15:29:00.588Z,2024-02-28T05:00:00Z
19191133359,TD - K1,2024-03-07,2024-03-15,138669962,72018330,702586472,295000.00,2024-07-24T19:03:29.761Z,2024-03-20T04:00:00Z
18916125572,Fivetran - IQ 2024-25,2024-02-22,2024-02-26,138620988,72018330,693091902,52000.00,2024-08-31T14:56:12.584Z,2024-03-28T04:00:00Z
18914967403,PHX - AIQ + K1,2024-08-13,2024-08-23,138620988,72018330,702586472,88000.00,2024-10-23T19:44:03.206Z,2024-03-29T04:00:00Z
18915148402,AAA NoCal - EQ + IQ 2024-25,2024-03-15,2024-03-20,138669962,72018330,693091902,150000.00,2024-05-24T18:33:31.160Z,2024-03-29T04:00:00Z
18914455298,Affirm - Knotch One 2024-25,2024-03-27,2024-04-05,138669962,72018330,693091902,250000.00,2024-07-24T21:22:48.089Z,2024-04-06T04:00:00Z
18913826661,KPMG - EQ + IQ + AIQ 2024-25 Upsell,2023-09-11,2023-09-21,138620988,72018330,702586472,249000.00,2024-04-25T04:00:00Z,2024-04-26T10:02:43.539Z
18973228037,CME - EQ 2024-25 Renewal,2024-12-11,,162267305,87159604,702586472,97500.00,2025-03-12T22:01:28.260Z,2024-04-27T04:00:00Z
19063683979,Intuit 2024-25 IPM,2023-11-21,2023-12-01,138669962,72018330,,,2026-04-10T15:28:04.539Z,2024-05-02T08:22:59.089Z
19063619849,P&G Baby 2024-25 IPM,2024-04-03,2024-04-17,138669962,72018330,723668771,,2026-04-10T00:00:00Z,2024-05-02T08:22:59.091Z
19062368937,Square SEO 2024-25 IPM,2024-01-22,2024-01-26,138669962,72018330,723668113,,2024-05-08T15:01:45.993Z,2024-05-02T08:22:59.093Z
19062432304,Eli Lilly 2024-25 IPM,2023-09-05,2023-09-15,138669962,72018330,637206310,,2026-04-13T16:48:13.877Z,2024-05-02T08:22:59.093Z
19062368938,LendingClub 2024-25 IPM,2023-11-09,2023-11-28,138669962,72018330,723668771,,2026-04-10T00:00:00Z,2024-05-02T08:22:59.094Z
19062573426,Evernorth (Cigna Group) 2024-25 IPM,2024-03-26,2024-03-28,138669962,72018330,702586472,,2024-05-07T15:42:58.127Z,2024-05-02T08:22:59.094Z
19062314541,NVIDIA 2024-25 IPM,2024-03-11,2024-04-02,138669962,72018330,693091902,,2024-05-08T16:30:05.319Z,2024-05-02T08:22:59.095Z
19063669125,Northwestern Mutual - K1,2024-03-07,2024-03-18,138669962,72018330,702586472,75000.00,2024-10-10T20:34:34.604Z,2024-05-02T08:22:59.096Z
19063733832,Citi 2024-25 IPM,2024-03-07,2024-03-14,138669962,72018330,702586472,,2024-05-10T20:27:34.938Z,2024-05-02T08:22:59.096Z
19062056726,Insperity 2024-25 IPM,2023-11-04,2023-11-14,138669962,72018330,627390764,,2025-09-09T14:09:49.904Z,2024-05-02T08:22:59.098Z
19062322515,Amazon Ads 2024-25 IPM,2024-01-05,2024-01-08,138669962,72018330,723668113,,2024-08-26T12:54:13.364Z,2024-05-02T08:22:59.098Z
19062377281,Mastercard Data & Services 2024-25 IPM,2023-11-03,2023-11-07,138669962,72018330,723668771,,2026-04-10T00:00:00Z,2024-05-02T08:22:59.098Z
19063623825,Upstart 2024-25 IPM,2024-04-11,2024-04-22,138669962,72018330,723668771,,2026-04-10T00:00:00Z,2024-05-02T08:22:59.099Z
19063551076,Freshworks 2024-25 IPM,2024-01-11,2024-01-26,138669962,72018330,723668771,,2026-04-10T00:00:00Z,2024-05-02T08:22:59.100Z
19063712802,Alight Solutions 2024-25 IPM,2023-11-09,2023-11-28,138669962,72018330,723668771,,2023-12-01T16:29:48.974Z,2024-05-02T08:22:59.100Z
19062229054,Fidelity 2024-25 IPM,2023-11-09,2023-12-21,138669962,72018330,723668771,,2025-08-14T18:14:39.671Z,2024-05-02T08:22:59.102Z
19062314542,Conde Naste 2024-25 IPM,2023-09-05,2023-09-15,138669962,72018330,637206310,,2026-04-10T14:21:18.186Z,2024-05-02T08:22:59.102Z
19062385826,Vonage - K1,2024-04-19,2024-05-10,138669962,72018330,702586472,,2024-07-15T12:43:00.451Z,2024-05-02T08:22:59.102Z
19063631729,Amazon Web Services (AWS) 2024-25 IPM,2023-09-18,2023-09-28,138669962,72018330,723668771,,2026-04-10T00:00:00Z,2024-05-02T08:22:59.102Z
19063751460,Allstate 2024-25 IPM,2023-09-05,2023-09-15,138669962,72018330,637206310,,2026-04-10T14:21:05.473Z,2024-05-02T08:22:59.102Z
19063765042,UPS 2024-25 IPM,2024-02-06,2024-02-08,138669962,72018330,723668113,,2024-02-22T16:39:34.716Z,2024-05-02T08:22:59.102Z
40003752976,Citigroup - Global Services PoC,2024-09-02,2024-09-16,138669962,72018330,702586472,150000.00,2026-04-14T18:55:53.277Z,2024-05-02T08:22:59.102Z
19062447196,Sumo Logic 2024-25 IPM,2023-10-03,2023-10-13,138669962,72018330,637206310,,2026-04-10T14:20:20.844Z,2024-05-02T08:22:59.103Z
19062421655,Ontra 2024-25 IPM,2024-01-03,2024-01-04,138669962,72018330,693091902,,2024-05-29T18:03:13.012Z,2024-05-02T08:22:59.106Z
19062111902,Gen Digital 2024-25 IPM,2023-11-20,2023-11-30,138669962,72018330,723668113,,2024-07-23T18:56:17.561Z,2024-05-02T08:22:59.107Z
19062341948,Goldman Sachs 2024-25 IPM,2024-03-01,2024-03-06,138669962,72018330,693091902,,2024-07-24T23:12:33.142Z,2024-05-02T08:22:59.107Z
19062356294,Hims & Hers 2024-25 IPM,2023-09-22,2023-10-02,138669962,72018330,702586472,,2024-05-10T20:20:08.568Z,2024-05-02T08:22:59.107Z
19062402907,Caterpillar 2024-25 IPM,2024-02-20,2024-02-22,138669962,72018330,723668771,,2026-04-10T00:00:00Z,2024-05-02T08:22:59.107Z
19062478125,Analog Devices 2024-25 IPM,2024-02-22,2024-02-29,138669962,72018330,702586472,,2024-05-08T17:05:26.680Z,2024-05-02T08:22:59.107Z
19062478126,2U 2024-25 IPM,2023-12-14,2023-12-19,138669962,72018330,723668771,,2026-04-10T00:00:00Z,2024-05-02T08:22:59.107Z
19063614031,VMware 2024-25 IPM,2023-11-09,2023-11-14,138669962,72018330,723668771,,2026-04-10T00:00:00Z,2024-05-02T08:22:59.107Z
19063619850,Grammarly 2024-25 IPM,2024-04-03,2024-04-15,138669962,72018330,693091902,,2024-04-25T15:35:58.292Z,2024-05-02T08:22:59.107Z
19072716572,Betterment,2024-04-22,2024-05-02,138669962,72018330,702586472,,2024-06-11T13:54:57.407Z,2024-05-02T08:22:59.108Z
19062441608,Invesco 2024-25 IPM,2023-12-13,2023-12-14,138669962,72018330,,,2026-04-10T15:27:54.753Z,2024-05-02T08:22:59.133Z
19063704226,ClickUp 2024-25 IPM,2024-02-14,2024-02-28,138669962,72018330,693091902,,2024-05-08T16:35:45.927Z,2024-05-02T08:22:59.133Z
19062266423,DocuSign 2024-25 IPM,2024-03-12,2024-03-21,138669962,72018330,693091902,,2024-09-16T14:26:39.004Z,2024-05-02T08:22:59.134Z
19062314543,Viatris 2024-25 IPM,2023-10-03,2023-10-13,138669962,72018330,723668771,,2026-04-10T00:00:00Z,2024-05-02T08:22:59.134Z
19062377282,Hilton 2024-25 IPM,2023-09-26,2023-10-06,138669962,72018330,637206310,,2026-04-10T14:20:03.923Z,2024-05-02T08:22:59.134Z
19063534926,The College Board 2024-25 IPM,2024-01-16,2024-03-07,138669962,72018330,723668113,,2024-07-23T18:55:01.662Z,2024-05-02T08:22:59.134Z
19063578913,Umpqua Bank 2024-25 IPM,2023-11-15,2023-12-05,138669962,72018330,723668771,,2026-04-10T00:00:00Z,2024-05-02T08:22:59.134Z
19063623826,Zendesk 2024-25 IPM,2024-03-13,2024-03-26,138669962,72018330,723668771,,2026-04-10T00:00:00Z,2024-05-02T08:22:59.134Z
19062024193,M&T Bank 2024-25 IPM,2023-08-20,2023-08-30,138669962,72018330,702586472,,2024-05-08T22:09:15.934Z,2024-05-02T08:22:59.135Z
19062266422,Terekeet/Rocket Mortgage 2024-25 IPM,2024-03-05,2024-03-11,138669962,72018330,723668771,,2026-04-10T00:00:00Z,2024-05-02T08:22:59.135Z
19062402908,MSK - EQ + IQ,2024-04-21,2024-04-23,138669962,72018330,702586472,,2024-07-24T19:15:04.844Z,2024-05-02T08:22:59.135Z
19062111903,Marriott 2024-25 IPM,2024-07-16,2024-07-16,138669962,72018330,723668113,,2025-01-18T14:17:58.509Z,2024-05-02T08:22:59.137Z
19063534927,Enterprise Holdings 2024-25 IPM,2024-04-17,2024-04-19,138669962,72018330,723668113,,2024-07-23T18:55:44.227Z,2024-05-02T08:22:59.137Z
19063800866,LendingClub 2024-25 IPM,2024-04-08,2024-04-22,138669962,72018330,723668771,,2026-04-10T00:00:00Z,2024-05-02T08:22:59.137Z
19062356295,Hilton - K1,2024-04-01,2024-04-12,138669962,72018330,702586472,,2024-09-27T18:27:48.971Z,2024-05-02T08:22:59.143Z
19062322516,Farmers Insurance 2024-25 IPM,2024-03-03,2024-04-09,138669962,72018330,693091902,,2024-06-06T17:43:39.145Z,2024-05-02T08:22:59.144Z
19062385827,Procter & Gamble 2024-25 IPM,2024-03-21,2024-03-27,138669962,72018330,723668771,,2026-04-10T00:00:00Z,2024-05-02T08:22:59.144Z
19063765044,Optum 2024-25 IPM,2023-10-30,2023-11-09,138669962,72018330,723668113,,2024-08-26T12:53:43.097Z,2024-05-02T08:22:59.144Z
19062056727,Shopify - K1,2024-04-23,2024-05-13,138669962,72018330,702586472,150000.00,2024-09-23T20:27:36.487Z,2024-05-02T08:22:59.178Z
19062304416,Workhuman - K1,2024-03-07,2024-03-19,138669962,72018330,702586472,,2024-08-01T15:14:58.046Z,2024-05-02T08:22:59.178Z
19062393721,Capital One 2024-25 IPM,2023-12-01,2023-12-11,138669962,72018330,,,2026-04-10T15:27:42.281Z,2024-05-02T08:22:59.178Z
19062432306,Carta 2024-25 IPM,2023-12-14,2023-12-21,138669962,72018330,723668771,,2025-09-05T21:23:01.507Z,2024-05-02T08:22:59.178Z
19063712804,State Street 2024-25 IPM,2024-01-19,2024-01-30,138669962,72018330,723668771,,2026-04-10T00:00:00Z,2024-05-02T08:22:59.178Z
19063774616,Monotype 2024-25 IQ,2024-04-24,2024-05-08,138620988,72018330,693091902,63000.00,2024-06-28T21:26:59.214Z,2024-05-02T08:22:59.178Z
19063669126,Oportun 2024-25 IPM,2023-10-03,2023-10-13,138669962,72018330,637206310,,2026-04-10T14:19:46.514Z,2024-05-02T08:22:59.179Z
19062356296,OneTrust 2024-25 IPM,2023-11-15,2023-12-07,138669962,72018330,723668771,,2026-04-10T00:00:00Z,2024-05-02T08:22:59.227Z
19062393722,Axiom 2024-25 IPM,2024-01-22,2024-01-23,138669962,72018330,723668771,,2026-04-10T00:00:00Z,2024-05-02T08:22:59.227Z
19062462530,Databricks 2024-25 IPM,2024-02-22,2024-02-29,138669962,72018330,723668771,,2026-04-10T00:00:00Z,2024-05-02T08:22:59.227Z
19063716486,Alteryx 2024-25 IPM,2024-01-11,2024-01-19,138669962,72018330,723668771,,2026-04-10T00:00:00Z,2024-05-02T08:22:59.227Z
19063789407,Amazon Ads 2024-25 IPM,2023-09-22,2023-10-02,138669962,72018330,723668113,,2024-08-24T01:50:44.249Z,2024-05-02T08:22:59.227Z
19062331450,RBC 2024-25 IPM,2024-03-26,2024-04-05,138669962,72018330,693091902,,2024-11-19T16:12:55.282Z,2024-05-02T08:22:59.228Z
19063551077,Realtor.com 2024-25 IPM,2023-10-10,2023-10-20,138669962,72018330,637206310,,2026-04-10T14:19:32.197Z,2024-05-02T08:22:59.228Z
19063774617,Kimberly-Clark 2024-25 IPM,2023-08-29,2023-09-08,138669962,72018330,637206310,,2026-04-10T14:19:04.709Z,2024-05-02T08:22:59.228Z
19062056975,Far From Timid 2024-25 IPM,2024-04-19,2024-04-22,138669962,72018330,702586472,,2024-05-21T21:55:39.057Z,2024-05-02T08:24:59.443Z
19062151336,Xenphone Strategies 2024-25 IPM,2024-04-03,2024-04-09,138669962,72018330,702586472,,2024-05-22T14:00:43.063Z,2024-05-02T08:24:59.444Z
19062304632,Business Insider 2024-25 IPM,2024-01-29,2024-02-01,138669962,72018330,723668113,,2024-05-08T15:00:45.684Z,2024-05-02T08:24:59.445Z
19062403134,Always 2024-25 IPM,2024-04-03,2024-04-17,138669962,72018330,723668771,,2026-04-10T00:00:00Z,2024-05-02T08:24:59.445Z
19062322706,Paper and Packaging Board 2024-25 IPM,2023-10-02,2023-10-12,138669962,72018330,723668771,,2026-04-10T00:00:00Z,2024-05-02T08:24:59.454Z
19062229397,Kerry Group 2024-25 IPM,2023-11-09,2023-11-15,138669962,72018330,723668771,,2026-04-10T00:00:00Z,2024-05-02T08:24:59.473Z
19062369139,Alzheimer's Association 2024-25 IPM,2023-07-22,2023-08-01,138669962,72018330,702586472,,2024-05-06T20:32:30.121Z,2024-05-02T08:24:59.473Z
19063535195,Former Mars CMO 2024-25 IPM,2024-04-25,2024-05-06,138669962,72018330,702586472,,2024-05-06T20:30:31.551Z,2024-05-02T08:24:59.473Z
19062024347,Lulus 2024-25 IPM,2024-02-23,2024-02-28,138669962,72018330,693091902,,2024-05-08T16:33:16.398Z,2024-05-02T08:24:59.485Z
19063843239,Charter 2024-25 IPM,2024-01-20,2024-01-31,138669962,72018330,627397635,,2024-05-10T20:11:55.505Z,2024-05-02T08:24:59.485Z
19063765317,Contentful 2024-25 IPM,2024-03-15,2024-03-18,138669962,72018330,723668771,,2026-04-10T00:00:00Z,2024-05-02T08:24:59.486Z
19063543439,Forebright Bank 2024-25 IPM,2023-12-11,2023-12-18,138669962,72018330,723668771,,2026-04-10T00:00:00Z,2024-05-02T08:24:59.491Z
19062331670,Publicis Sapient - K1,2024-03-25,2024-04-01,138669962,72018330,693091902,95000.00,2025-03-18T01:23:44.504Z,2024-05-02T08:24:59.493Z
19062151337,Apartment Therapy Media 2024-25 IPM,2024-04-01,2024-04-03,138669962,72018330,702586472,,2024-05-06T20:22:43.468Z,2024-05-02T08:24:59.503Z
19062112131,Density 2024-25 IPM,2024-02-28,2024-02-26,138669962,72018330,693091902,,2024-05-08T16:33:16.398Z,2024-05-02T08:24:59.504Z
19062191725,Takeda 2024-25 IPM,2024-03-02,2024-03-07,138669962,72018330,723668771,,2026-04-10T00:00:00Z,2024-05-02T08:24:59.512Z
19063694734,Survey Monkey 2024-25 IPM,2023-09-26,2023-10-06,138669962,72018330,637206310,,2026-04-10T14:18:49.596Z,2024-05-02T08:24:59.514Z
19062462762,Head & Shoulders 2024-25 IPM,2024-04-03,2024-04-17,138669962,72018330,723668771,,2024-07-31T20:12:24.169Z,2024-05-02T08:24:59.527Z
19063801013,Zeta Global 2024-25 IPM,2023-08-01,2023-08-11,138669962,72018330,702586472,,2024-05-06T20:05:27.425Z,2024-05-02T08:24:59.527Z
19063669326,New York Cruise Lines 2024-25 IPM,2023-12-13,2024-01-08,138669962,72018330,,,2026-04-10T15:27:29.348Z,2024-05-02T08:24:59.529Z
19063751604,Manifest 2024-25 IPM,2023-11-07,2023-11-17,138669962,72018330,723668113,,2024-08-21T17:52:33.689Z,2024-05-02T08:24:59.529Z
19063579152,Endgame 2024-25 IPM,2023-11-09,2023-11-28,138669962,72018330,723668771,,2024-07-31T20:11:38.837Z,2024-05-02T08:24:59.550Z
19063614265,Columbia Business School 2024-25 IPM,2024-01-26,2024-01-29,138669962,72018330,723668113,,2024-07-23T18:54:23.896Z,2024-05-02T08:24:59.550Z
19063843240,Marstone 2024-25 IPM,2024-04-11,2024-04-25,138669962,72018330,723668771,,2024-06-03T15:07:54.735Z,2024-05-02T08:24:59.551Z
19069239224,Manulife,2024-05-02,,138669962,72018330,702586472,,2024-05-06T20:16:45.021Z,2024-05-02T14:38:45.139Z
19195234389,P&G Fabric - K1,2024-05-07,2024-05-13,138669962,72018330,723668771,75000.00,2025-01-30T18:01:09.718Z,2024-05-07T21:11:54.145Z
19216021396,NY Life IPM,2024-05-08,,138669962,72018330,723668113,,2024-08-26T14:23:25.501Z,2024-05-08T12:56:28.011Z
19221713052,Kiteworks - Knotch One,2024-04-16,2024-05-07,138669962,72018330,693091902,60000.00,2024-07-29T17:14:55.815Z,2024-05-08T16:10:24.984Z
19221766656,Front - New Deal,2024-04-30,2024-05-01,138669962,72018330,693091902,,2024-05-08T16:28:21.012Z,2024-05-08T16:27:32.225Z
19221768819,Textio - Knotch One,2024-04-10,2024-05-24,138669962,72018330,693091902,,2024-06-24T16:42:32.041Z,2024-05-08T16:41:01.390Z
19228467849,General Motors - ?,2024-03-11,2024-05-03,138669962,72018330,702586472,150000.00,2024-07-24T19:02:25.776Z,2024-05-08T21:31:22.881Z
19231290414,Nielsen - EQ+ IQ 2025-26 Renewal,2024-11-18,2024-12-04,162267304,87159604,702586472,165000.00,2025-03-31T23:16:19.560Z,2024-05-09T05:34:58.048Z
19322443065,Marriott - product team,2024-05-13,2024-05-29,138669962,72018330,723668113,,2025-01-22T02:00:40.281Z,2024-05-13T11:46:36.683Z
19323593532,Deloitte - thought leadership transformation,2024-05-13,2024-09-04,138669962,72018330,723668113,,2024-11-04T13:16:10.851Z,2024-05-13T13:36:18.390Z
19358982492,KPMG - Consulting,2024-04-16,2024-04-30,138620988,72018330,702586472,,2024-06-05T13:59:56.098Z,2024-05-14T14:21:40.256Z
19418162763,AWS 2024 (AWS Enterprise Strategy),2024-05-16,2024-05-24,138669962,72018330,693091902,,2024-06-13T15:59:13.901Z,2024-05-16T21:01:37.404Z
19433874597,Ally - reconnect,2024-05-15,,138669962,72018330,723668113,,2024-08-27T13:02:30.870Z,2024-05-17T12:22:04.084Z
19441368459,L'Oreal USA - IPM,2024-05-01,2024-05-02,138669962,72018330,723668771,,2024-05-02T19:08:10.789Z,2024-05-17T19:02:35.024Z
19441502878,Kaiser - national,2024-05-17,,138669962,72018330,693091902,,2025-03-06T22:37:31.628Z,2024-05-17T19:19:08.948Z
19497076640,Quad - K1,2024-05-10,2024-05-20,138669962,72018330,702586472,75000.00,2024-11-12T16:48:31.746Z,2024-05-20T20:01:09.308Z
19541020948,Primrose Schools - K1,2024-05-07,2024-05-22,138669962,72018330,702586472,,2024-07-24T19:14:17.872Z,2024-05-22T14:23:12.065Z
19598018393,NEXT Insurance 2024,2024-05-24,2024-06-06,138669962,72018330,693091902,125000.00,2024-07-29T15:13:30.373Z,2024-05-24T23:05:44.554Z
19676450576,Truist - IPM,2024-05-28,2024-06-04,138669962,72018330,723668113,,2024-10-17T20:25:47.717Z,2024-05-28T14:49:01.428Z
19825779126,Credit Karma - New Deal,2024-04-29,2024-05-02,138669962,72018330,723668771,,2024-05-02T15:04:51.381Z,2024-06-03T15:01:36.778Z
19854700551,Carta AIQ (JCI) 2025-26,2024-06-03,2024-06-03,138620988,72018330,693091902,23000.00,2025-02-28T23:19:58.021Z,2024-06-04T16:42:18.432Z
19858986817,St. Jude - K1 + Services 2025-27 Renewal,2025-04-01,2025-04-01,162267304,87159604,723668113,402500.00,2025-06-18T19:30:06.363Z,2024-06-04T21:59:47.750Z
19879398416,Freshworks Inbound,2024-06-04,2024-06-14,138669962,72018330,693091902,,2024-06-28T01:38:56.344Z,2024-06-05T15:27:44.521Z
19888933954,PagerDuty,2024-06-05,2024-06-20,138669962,72018330,693091902,65000.00,2025-03-01T01:26:41.899Z,2024-06-05T23:21:04.293Z
20009426180,NexHealth - New Deal,2024-06-03,2024-06-07,138669962,72018330,693091902,,2024-07-29T15:11:40.075Z,2024-06-11T17:16:40.935Z
20012013657,P&G - Haircode,2024-06-04,2024-06-11,138669962,72018330,702586472,35000.00,2024-10-15T13:33:10.132Z,2024-06-11T18:32:38.748Z
20088775227,Zendesk - 2024,2024-06-13,2024-06-14,138669962,72018330,693091902,75000.00,2025-03-06T22:21:55.401Z,2024-06-14T22:36:02.702Z
20247828534,Acquia K1 2024-25,2024-06-05,2024-06-13,138620988,72018330,723668771,75000.00,2024-08-31T14:07:26.473Z,2024-06-21T18:02:09.585Z
20251529544,Klaviyo - Knotch One,2024-06-10,2024-06-18,138669962,72018330,693091902,75000.00,2025-01-11T00:04:20.691Z,2024-06-21T23:16:05.622Z
20410946154,Realtor B2B - 9 months,2025-02-06,2025-02-06,162267304,87159604,723668113,185000.00,2025-03-15T15:14:59.592Z,2024-06-28T21:41:48.231Z
20462503436,BoA - PathwayIQ,2024-07-01,2024-07-03,138669962,72018330,723668113,,2024-10-08T20:17:12.271Z,2024-07-01T13:56:02.373Z
20509700354,Ally AIQ IPM,2024-08-21,2024-08-26,138669962,72018330,723668113,,2025-01-18T14:04:03.345Z,2024-07-03T12:57:36.408Z
20692938292,Cru.org - K1 (JCI),2024-07-01,2024-07-11,138669962,72018330,702586472,49800.00,2025-02-11T13:47:06.233Z,2024-07-11T19:52:59.840Z
20798947742,Intapp K1,2024-07-12,2024-07-16,138669962,72018330,693091902,65000.00,2024-08-26T17:56:04.688Z,2024-07-16T16:02:53.890Z
20800422458,Akin Gump,2024-06-28,2024-08-02,138669962,72018330,693091902,125000.00,2025-09-09T18:46:29.482Z,2024-07-16T16:51:52.834Z
20958486865,Moody's - K1,2024-07-16,2024-07-24,138669962,72018330,693091902,150000.00,2025-09-22T23:36:01.250Z,2024-07-16T17:36:51.309Z
20857859424,Accenture/Edward Jones - K1,2024-07-15,2024-07-18,138669962,72018330,693091902,200000.00,2025-03-06T22:28:43.078Z,2024-07-19T12:25:51.166Z
20865821489,JPMorgan Chase - Wealth Management,2024-07-01,2024-07-22,152455272,72018330,349190077,295000.00,2026-08-31T17:41:26.921Z,2024-07-19T21:22:29.845Z
20921846807,Gusto - IPM,2024-07-23,2024-08-20,138669962,72018330,723668113,,2024-11-04T13:10:11.484Z,2024-07-23T13:20:06.253Z
20954098853,Policygenius - K1,2024-07-15,2024-07-24,138669962,72018330,702586472,156000.00,2025-02-12T22:38:47.352Z,2024-07-24T14:58:40.273Z
20960131000,Tyson Foods - K1,2024-07-24,2024-07-24,138620988,72018330,693091902,,2024-09-13T17:11:39.789Z,2024-07-24T23:08:25.532Z
20960131441,Goldman Sachs - Corporate Brand,2024-07-24,2024-07-24,138669962,72018330,693091902,100000.00,2025-05-20T23:55:41.139Z,2024-07-24T23:15:54.959Z
21000236830,Synchrony Financial - AIQ (Content Catalysts),2024-07-18,2024-07-25,138669962,72018330,702586472,150000.00,2025-02-12T22:43:36.451Z,2024-07-26T15:17:44.214Z
21004370965,Atlassian - K1,2024-07-23,2024-07-23,138669962,72018330,693091902,125000.00,2025-02-13T17:34:48.015Z,2024-07-26T20:33:00.618Z
21069565763,Amwell - K1,2024-07-18,2024-07-29,138669962,72018330,349190077,0.00,2025-05-12T16:33:09.781Z,2024-07-30T14:13:35.319Z
22217154961,Priceline - K1,2024-07-24,2024-07-31,138669962,72018330,702586472,,2024-10-09T17:18:51.984Z,2024-07-31T13:13:07.031Z
21096339061,Gainwell K1,2024-07-02,2024-07-03,138669962,72018330,723668771,,2024-08-28T18:48:40.254Z,2024-07-31T20:25:30.044Z
21096340108,G2 - K1,2024-07-08,2024-07-12,138669962,72018330,723668771,,2024-11-01T14:17:56.562Z,2024-07-31T20:32:21.153Z
21097806921,Cancer.org,2024-07-22,2024-10-18,138669962,72018330,693091902,,2025-01-21T20:42:17.822Z,2024-07-31T20:43:21.358Z
21097790734,Pace - Partnership,2024-07-22,2024-08-28,138669962,72018330,723668771,,2024-08-28T18:51:13.154Z,2024-07-31T20:44:14.712Z
21112963172,Morgan Stanley - K1,2024-07-29,2024-10-16,138669962,72018330,723668771,,2025-01-27T22:00:01.447Z,2024-08-01T13:24:14.554Z
21117209971,"Macy's - Paid Q4, 2024 renewal 11/1/24",2024-10-17,2024-10-17,162267304,87159604,702586472,,2025-01-21T18:21:20.550Z,2024-08-01T16:01:18.983Z
21214746772,Lexis Nexis - K1,2024-08-05,2024-08-07,138669962,72018330,723668771,,2024-08-28T18:47:51.254Z,2024-08-07T20:32:00.041Z
21324411564,UPS - K1,2024-02-22,,138669962,72018330,702586472,,2024-10-01T12:54:41.942Z,2024-08-13T15:49:06.783Z
21359120789,MassMutual - K1,2024-08-01,2024-08-13,138669962,72018330,702586472,,2024-10-10T20:27:37.602Z,2024-08-13T21:58:46.237Z
21588463977,TransUnion - K1 (IQ only),2024-08-14,2024-08-20,138669962,72018330,702586472,90000.00,2025-02-06T22:18:57.593Z,2024-08-20T18:54:51.675Z
21650304830,GE Healthcare,2024-08-22,2024-08-26,138669962,72018330,723668113,,2025-01-18T14:18:54.629Z,2024-08-22T23:58:55.551Z
21668325275,AAA SoCal - AIQ PoC,2024-08-07,2024-08-07,138669962,72018330,702586472,10000.00,2025-05-16T16:05:16.044Z,2024-08-23T15:10:59.447Z
21757213024,BofA - Wealth Content Catalysts + Services 2025-26 Upsell,2024-08-19,2024-08-27,138620988,72018330,723668113,320000.00,2025-10-31T13:02:28.819Z,2024-08-27T12:30:19.200Z
21783101474,Cloudflare K1,2024-09-04,2024-09-04,138669962,72018330,693091902,90000.00,2025-04-04T21:07:53.779Z,2024-08-28T16:57:22.111Z
21784002832,Gainwell - K1,2024-08-14,2024-08-28,138669962,72018330,723668771,,2025-01-27T22:00:01.447Z,2024-08-28T18:33:46.553Z
21800564351,Fiscal Note - K1,2024-08-29,2024-09-03,138669962,72018330,723668771,,2025-01-15T19:42:33.185Z,2024-08-29T18:13:31.894Z
21800157016,Synchrony Financial - K1,2024-08-29,2024-08-29,138620988,72018330,702586472,82750.00,2024-12-03T22:44:24.153Z,2024-08-29T18:23:42.963Z
21808473383,Marriott - EQ 2025-26 Renewal,2025-03-28,2025-03-28,162267305,87159604,723668113,239350.00,2025-04-04T18:30:49.427Z,2024-08-29T23:31:28.066Z
21905029557,Square - KnotchOne,2024-09-03,2024-09-16,138669962,72018330,723668113,,2024-11-04T13:13:51.696Z,2024-09-03T20:30:54.897Z
22183664408,Kaiser Permanente - Knotch One,2024-09-11,2024-09-30,138620988,72018330,693091902,29000.00,2024-10-30T15:33:34.688Z,2024-09-12T04:39:02.931Z
22220873059,Dashlane - 2025,2024-09-05,2024-09-12,138669962,72018330,349190077,75000.00,2025-06-13T22:12:56.012Z,2024-09-12T21:56:16.335Z
22260765257,Zillow - Ads,2024-09-09,2024-09-13,138669962,72018330,702586472,,2025-02-06T22:17:23.236Z,2024-09-13T22:07:18.943Z
22328818482,Chime - K1 and/or Overages,2024-09-02,2024-09-02,138669962,72018330,693091902,,2024-10-16T17:50:25.968Z,2024-09-16T16:57:22.596Z
22338502298,Equiniti - K1 (IQ only),2024-09-06,2024-09-16,138669962,72018330,349190077,,2025-04-11T17:04:05.641Z,2024-09-16T20:52:14.062Z
22365784348,Nielsen - K1,2024-09-18,2024-12-03,138620988,72018330,702586472,20000.00,2025-03-31T23:18:07.215Z,2024-09-17T15:08:57.779Z
22542145298,Citadel - K1 (IQ),2024-09-19,2024-09-24,138669962,72018330,349190077,75000.00,2025-12-22T05:05:07.840Z,2024-09-23T14:28:37.126Z
23359889051,Morningstar - platform evaluation,2025-10-03,2025-10-16,138669962,72018330,349190077,229500.00,2025-10-29T17:59:37.776Z,2024-09-23T19:56:22.129Z
22568915490,Ford Credit - K1,2024-09-23,2024-11-12,138669962,72018330,702586472,125000.00,2025-02-07T20:21:46.809Z,2024-09-24T11:55:36.624Z
22813514151,Mint Mobile - New Deal,2024-10-03,2024-10-03,138669962,72018330,693091902,,2025-04-23T17:57:51.650Z,2024-09-30T23:52:12.952Z
22823450627,Omnidian,2024-10-02,2024-10-02,138669962,72018330,693091902,40000.00,2025-02-17T19:34:33.870Z,2024-09-30T23:55:16.771Z
22905400648,Zip - ?,2024-09-24,2024-10-03,138669962,72018330,693091902,,2025-03-14T21:48:13.104Z,2024-10-03T17:37:04.802Z
22906616972,Docusign K1 - 2024-25,2024-10-14,2024-10-14,138620988,72018330,693091902,145000.00,2025-01-30T15:01:37.714Z,2024-10-03T20:31:30.842Z
22905911115,Upstart -- Knotch One,2024-10-14,2024-10-14,138669962,72018330,693091902,90000.00,2025-05-07T22:00:35.364Z,2024-10-03T22:49:26.594Z
22950037554,Motive - New Deal,2024-10-04,2024-10-29,138669962,72018330,693091902,,2024-11-12T15:31:20.989Z,2024-10-05T00:12:07.617Z
22956925085,Twilio - K1,2024-10-11,2024-10-28,138669962,72018330,693091902,150000.00,2025-02-14T13:53:57.047Z,2024-10-05T00:36:35.737Z
23143135549,MetLife - New Deal,2024-09-20,2024-10-07,138669962,72018330,693091902,150000.00,2025-06-06T22:38:37.978Z,2024-10-10T19:46:08.153Z
23243310606,SAP - K1,2024-10-14,2024-11-13,138669962,72018330,723668771,,2025-01-15T19:42:20.920Z,2024-10-15T14:59:16.167Z
23243307092,Verizon CX - K1,2024-10-08,2024-11-04,138669962,72018330,723668771,,2025-01-27T22:00:01.447Z,2024-10-15T14:59:53.365Z
23245883656,AZEK - K1,2024-10-01,2024-10-11,138620988,72018330,349190077,150000.00,2024-12-10T14:29:43.915Z,2024-10-15T15:52:15.532Z
23247272114,EY - Partnership,2024-10-08,2024-10-10,138669962,72018330,723668771,,2025-04-04T17:59:45.984Z,2024-10-15T16:11:18.207Z
23249399335,TriNet - K1,2024-10-15,2024-10-23,138669962,72018330,693091902,95000.00,2025-04-04T21:08:15.418Z,2024-10-15T17:19:24.060Z
23251345285,"Lego - Strategy, Platform",2024-10-14,2024-10-14,138669962,72018330,693091902,,2025-04-23T19:43:19.131Z,2024-10-15T18:49:35.835Z
23355712876,UPS (PACE) - K1,2024-10-14,2024-11-07,138620988,72018330,693091902,150000.00,2025-08-13T20:08:24.299Z,2024-10-17T14:43:29.125Z
23368667247,Visit California (Pace) - k1,2024-10-18,,138669962,72018330,723668771,,2024-11-12T16:22:50.869Z,2024-10-18T14:20:12.056Z
32183628152,Wells Fargo 2024-25 AIQ CC,2024-11-01,2024-11-25,162267305,87159604,723668113,117750.00,2025-01-29T15:34:58.176Z,2024-10-24T15:02:18.029Z
28367765349,Umpqua Bank - K1,2024-10-25,2024-10-30,138669962,72018330,693091902,150000.00,2025-02-05T03:08:11.400Z,2024-10-25T16:57:11.840Z
28483672235,BOA - Merrill Lynch Content Catalyst Upsell,2024-10-25,2024-10-28,138620988,72018330,723668113,,2024-12-10T14:31:25.677Z,2024-10-29T18:58:12.204Z
28531220379,Peloton 2025-26,2024-10-30,2024-12-11,138669962,72018330,693091902,,2025-03-15T02:44:55.848Z,2024-10-30T19:23:16.277Z
28532732492,Moody's 2025-26 - IPM,2024-10-30,,138669962,72018330,693091902,,2024-11-12T17:00:51.383Z,2024-10-30T19:55:10.869Z
28699503649,Terakeet - Partnership,2024-10-28,2024-11-01,138669962,72018330,723668771,,2025-04-04T18:00:06.683Z,2024-11-04T17:35:24.539Z
28699507616,Grow Schools - K1,2024-11-04,2024-12-13,138669962,72018330,723668771,,2025-01-15T19:41:37.286Z,2024-11-04T17:57:19.336Z
28783889442,Novo Nordisk - IPM,2024-11-06,,138669962,72018330,723668113,,2025-03-31T17:48:37.230Z,2024-11-06T16:34:27.618Z
28801611298,Acquia - Partnership,2024-11-01,2024-11-06,138669962,72018330,723668771,,2025-04-04T18:00:19.134Z,2024-11-06T21:37:51.648Z
28866138546,Accenture Song - Partnership,2024-10-29,2024-11-04,138669962,72018330,723668771,,2025-04-22T13:56:46.175Z,2024-11-07T20:30:15.677Z
29041631074,Tracksuit - K1,2024-11-01,2024-11-05,138669962,72018330,723668771,,2025-04-22T14:02:17.144Z,2024-11-13T18:31:04.800Z
29371051089,Canvas - Endemic Partner Measurement,2024-10-01,2024-10-10,138669962,72018330,702586472,170000.00,2024-12-12T14:40:41.866Z,2024-11-19T16:46:21.244Z
29397445026,Morningstar - competitive intelligence,2024-11-15,2024-11-15,138669962,72018330,723668113,,2025-01-14T19:00:26.237Z,2024-11-21T03:34:28.061Z
29642817116,Samsung Ads - K1 + Strategy,2024-11-13,2024-11-13,138620988,72018330,693091902,252890.01,2025-06-03T02:08:07.498Z,2024-11-27T18:39:23.275Z
29787435427,Newsday - K1 (Accenture),2024-11-19,2024-12-02,138669962,72018330,723668771,,2025-04-22T14:01:07.410Z,2024-12-02T22:46:56.432Z
29878546787,CME - AIQ,2024-11-19,2024-12-03,138669962,72018330,702586472,0.00,2025-02-06T22:10:56.099Z,2024-12-04T22:52:10.787Z
29930037363,Mx Group - Partnership,2024-12-02,2024-12-05,138669962,72018330,723668771,,2025-04-22T14:00:54.436Z,2024-12-06T21:32:36.696Z
29941799519,F360 - Partnership,2024-12-02,2024-12-06,138669962,72018330,723668771,,2025-04-22T14:00:44.884Z,2024-12-06T22:02:09.073Z
30038446951,Realtor.com - Advice - Content Catalsts,2024-12-02,2024-12-06,138669962,72018330,723668113,,2025-01-02T19:30:49.980Z,2024-12-09T16:15:25.229Z
30052573554,ADI - K1,2024-11-04,2024-11-20,138669962,72018330,702586472,20000.00,2025-01-17T00:01:34.897Z,2024-12-09T18:26:40.878Z
30081353275,Citadel - Content Catalysts,2024-11-11,2024-11-25,138669962,72018330,349190077,75000.00,2025-05-05T18:49:13.052Z,2024-12-09T18:56:39.113Z
30081407360,Deloitte Global - K1,2024-11-22,2024-12-09,138669962,72018330,723668113,150000.00,2025-08-28T18:04:30.779Z,2024-12-09T21:05:46.909Z
30188822806,Box - Knotch One,2024-12-20,2024-12-20,138669962,72018330,693091902,178000.00,2025-04-04T21:06:48.038Z,2024-12-12T00:28:41.003Z
30462270240,BWG Connect - Partnership,2024-12-04,2024-12-16,138669962,72018330,723668771,,2025-04-22T14:00:33.367Z,2024-12-16T19:47:35.612Z
30462272303,April Six - Partnership,2024-12-16,2024-12-31,138669962,72018330,723668771,,2025-04-22T14:00:22.032Z,2024-12-16T19:59:40.767Z
30748664877,RBC Wealth Management 2025-26 - IPM,2024-12-18,,138669962,72018330,723668113,,2025-04-11T16:03:29.685Z,2024-12-18T21:49:40.713Z
30775868838,Zoom SSO Add-On 2024-25,2024-12-13,2024-12-13,138620988,72018330,693091902,10000.00,2025-01-09T16:15:41.239Z,2024-12-19T15:25:55.544Z
30791560852,Verizon Marketing - K1,2024-12-18,2025-01-13,138669962,72018330,723668771,,2025-04-04T17:59:11.016Z,2024-12-19T16:14:56.709Z
31352059916,Tyson Foods - Content Catalyst,2025-01-07,2025-01-09,138669962,72018330,693091902,232750.00,2025-09-22T20:49:21.896Z,2025-01-02T17:39:51.447Z
31603314789,Intuit/Mailchimp,2025-01-06,2025-01-10,138669962,72018330,693091902,,2025-07-11T16:27:36.564Z,2025-01-06T16:54:24.559Z
31710443897,Colgate - K1,2024-12-09,2024-12-19,138669962,72018330,723668771,,2026-04-08T19:35:22.863Z,2025-01-08T17:28:40.759Z
31712047664,Life360 - Inbound,2025-01-08,2025-01-08,138669962,72018330,693091902,,2025-03-21T23:42:05.830Z,2025-01-09T00:51:01.869Z
31736005810,TD Bank - Comms - Content Catalyst,2025-01-07,2025-01-09,138669962,72018330,349190077,59000.00,2025-11-03T17:41:29.321Z,2025-01-09T18:50:33.217Z
31736077848,Jay Manciocchi - Referral Partner,2024-12-10,2024-12-19,138669962,72018330,723668771,,2025-04-22T14:01:33.223Z,2025-01-09T19:20:07.766Z
31738510467,Chime Enterprise - K1,2025-01-01,2025-01-09,138669962,72018330,702586472,,2025-05-21T14:46:33.703Z,2025-01-09T19:49:38.768Z
32022879657,Freedom Mortgage IPM,2025-01-14,2025-02-20,138669962,72018330,693091902,125000.00,2025-09-22T22:09:47.170Z,2025-01-15T03:03:27.196Z
32088984431,New York Life - K1,2025-01-15,2025-01-24,138669962,72018330,349190077,,2026-04-10T15:28:12.511Z,2025-01-15T18:35:07.899Z
32162339452,Wells Fargo WIM - AIQ IPM,2025-01-17,2025-03-04,138669962,72018330,723668113,100000.00,2025-05-01T20:27:49.824Z,2025-01-17T22:31:15.586Z
32162869166,ServiceTitan 2025-26,2025-02-11,2025-02-11,138620988,72018330,693091902,109500.00,2025-04-25T19:25:18.479Z,2025-01-18T01:18:43.061Z
32292563067,Amazon.Jobs - K1,2025-01-21,2025-01-31,138669962,72018330,723668771,,2025-04-04T17:56:56.496Z,2025-01-21T15:11:24.639Z
32412615752,Goldman Sachs - Global Banking & Markets,2025-01-24,2025-02-04,138669962,72018330,693091902,150000.00,2025-07-18T22:09:56.804Z,2025-01-24T22:36:31.865Z
32415576445,Dropbox - Dash,2025-01-24,2025-02-24,138669962,72018330,723668113,134000.00,2025-07-14T18:00:21.789Z,2025-01-25T04:34:55.038Z
32512126304,Ford Marketing - K1,2025-01-20,2025-01-24,138669962,72018330,723668771,175000.00,2025-11-04T15:35:43.890Z,2025-01-27T14:48:44.055Z
32729024848,Sagility - K1,2025-01-28,2025-02-03,138669962,72018330,723668771,,2025-04-04T17:51:32.303Z,2025-01-29T15:43:55.016Z
32736767761,Manifest - Partnership,2025-01-06,2025-01-10,138669962,72018330,723668771,,2025-04-22T13:57:54.306Z,2025-01-29T19:47:46.419Z
32736404361,The Guardian IPM,2025-01-29,,138669962,72018330,723668113,,2025-02-05T16:10:09.915Z,2025-01-30T01:31:55.318Z
32759967619,Marriott - Brand Lift Study,2025-01-29,2025-01-29,138669962,72018330,723668113,,2025-03-15T14:33:54.528Z,2025-01-30T01:40:00.528Z
32778556747,Azek 2025 - Consulting,2025-01-28,2025-01-28,138620988,72018330,723668113,,2025-04-29T16:44:11.591Z,2025-01-30T13:35:42.305Z
32826379357,ServiceNow - K1,2025-01-27,2025-01-27,138669962,72018330,693091902,,2025-10-08T19:09:23.180Z,2025-02-01T01:10:17.832Z
33167318365,Wells Fargo - Consumer & Small Business CC,2025-02-07,2025-03-03,138620984,72018330,723668113,500000.00,2026-07-31T12:40:39.206Z,2025-02-07T15:25:11.219Z
33182971719,American Century - 2025 Project,2025-02-07,2025-02-12,138669962,72018330,349190077,82600.00,2025-11-13T18:30:17.892Z,2025-02-08T02:05:36.280Z
33250789909,Northwestern Mutual K1 2026,2025-02-07,2025-02-07,138620983,72018330,349190077,273000.00,2026-09-21T17:55:24.357Z,2025-02-10T04:27:49.544Z
33437534989,"BISSELL Homecare, Inc. 2025-26 - IPM",2025-02-12,2025-02-12,138669962,72018330,349190077,100000.00,2025-05-05T18:48:58.731Z,2025-02-13T00:01:18.469Z
33448267561,Cars.com 2025-26 - IPM,2025-02-13,,138669962,72018330,349190077,,2025-06-27T16:37:00.097Z,2025-02-13T18:19:50.784Z
33479935499,Rocket / Core Digital 2025-26 - IPM,2025-02-13,2025-02-13,138620988,72018330,349190077,315000.00,2025-07-29T14:45:07.719Z,2025-02-14T07:13:19.230Z
33506732854,Wells Fargo - content optimization Phase 2,2025-01-30,2025-02-03,138669962,72018330,723668113,50000.00,2025-05-30T02:27:09.375Z,2025-02-15T16:00:26.005Z
33514122404,American Cancer Society - IPM,2025-01-29,2025-02-05,138669962,72018330,693091902,150000.00,2025-06-12T21:10:15.747Z,2025-02-16T18:14:53.871Z
33774336671,ZS - 2025,2025-02-20,2025-03-06,138669962,72018330,693091902,125000.00,2025-09-23T17:40:53.801Z,2025-02-20T18:15:20.395Z
34115074930,PwC 2025-26,2025-02-25,2025-03-05,138669962,72018330,693091902,,2025-11-12T14:26:29.904Z,2025-03-01T01:43:11.519Z
34115074965,Dell 2025-26,2025-02-28,2025-03-13,138669962,72018330,693091902,,2025-05-09T16:54:24.139Z,2025-03-01T01:44:58.731Z
34183844705,Chime - K1 upgrade,2025-02-26,2025-02-28,138620988,72018330,702586472,25000.00,2025-05-23T13:37:25.682Z,2025-03-03T13:27:34.693Z
34345708951,Indeed - 2025,2025-03-06,2025-04-10,138669962,72018330,693091902,,2025-09-12T21:46:33.574Z,2025-03-06T21:55:23.578Z
34345709739,Walmart - Comms,2025-03-06,2025-03-11,138669962,72018330,693091902,,2025-04-23T19:38:43.247Z,2025-03-06T22:00:42.415Z
34345710001,Realtor BTB - Outcomes,2025-03-06,2025-03-06,138620988,72018330,723668113,,2025-11-30T22:30:09.875Z,2025-03-06T22:02:44.467Z
34399680334,Enterprise IPM,2025-03-05,2025-03-07,138669962,72018330,723668113,,2025-05-22T20:57:13.237Z,2025-03-08T14:24:49.113Z
34571294096,Walmart - Public Affairs,2025-03-10,2025-03-10,138669962,72018330,693091902,200000.00,2025-10-28T21:52:57.241Z,2025-03-12T15:44:36.397Z
34606796898,Synchrony - CareCredit reporting,2025-03-10,2025-03-12,138620988,72018330,702586472,16000.00,2025-07-28T17:20:45.995Z,2025-03-12T20:29:10.097Z
34692382804,BigCommerce 2025,2025-03-14,2025-03-20,138669962,72018330,693091902,,2025-06-12T22:27:23.711Z,2025-03-14T21:36:55.827Z
34692384133,PayPal 2025,2025-03-13,2025-03-13,138669962,72018330,693091902,200000.00,2025-09-12T21:52:52.533Z,2025-03-14T21:52:59.522Z
34686879796,Truist 2025-26 - IPM,2025-03-12,2025-03-12,138669962,72018330,349190077,150000.00,2026-01-29T20:10:45.622Z,2025-03-14T22:27:48.509Z
34750442341,Policy Genius - Competitive Audit,2025-03-03,2025-03-06,138669962,72018330,702586472,,2025-08-27T21:41:55.691Z,2025-03-17T21:59:07.795Z
34897150283,Bank of America - Competitive Intelligence IPM,2025-03-10,2025-03-18,138669962,72018330,723668113,,2025-06-18T20:56:14.872Z,2025-03-20T22:13:00.545Z
34980902797,Unicef IPM,2025-03-25,,138669962,72018330,723668113,,2025-04-21T17:35:31.232Z,2025-03-23T15:20:00.424Z
35028096322,AAA Club Alliance,2025-03-24,2025-06-13,138669962,72018330,693091902,135000.00,2026-02-06T03:37:39.253Z,2025-03-24T14:11:21.555Z
35196197495,Ford Credit 2025-26 - IPM,2025-04-03,2025-04-03,138669962,72018330,349190077,150000.00,2026-02-12T22:45:06.337Z,2025-03-29T20:31:22.580Z
35264855120,MGM Resorts 2025-26 - IPM,2025-03-24,,138669962,72018330,349190077,150000.00,2025-07-31T16:29:00.367Z,2025-03-31T13:58:21.871Z
35279721779,Siemens 2025-26 - IPM,2025-02-04,2025-03-21,138669962,72018330,349190077,,2025-12-22T04:58:09.054Z,2025-03-31T14:02:17.258Z
35319195786,GoGuardian - AgentC,2025-04-08,2025-04-08,138669962,72018330,693091902,,2025-04-23T17:57:08.999Z,2025-03-31T21:26:37.271Z
35319204168,PenFed Credit Union 2025-26 - IPM,2025-04-01,2025-04-01,138669962,72018330,349190077,150000.00,2025-08-13T14:56:43.913Z,2025-03-31T22:37:35.767Z
35319204440,MGM Resorts - Marcel Romard/NextGen CMO,2025-04-11,,138669962,72018330,349190077,150000.00,2025-07-31T16:28:47.107Z,2025-03-31T22:40:15.051Z
35319205424,Verkada,2025-03-31,2025-04-07,138669962,72018330,693091902,,2025-05-08T18:53:40.791Z,2025-03-31T22:50:32.412Z
35338544983,Synchrony - CareCredit Upsell,2025-03-27,2025-03-31,138620988,72018330,702586472,91000.00,2025-12-15T17:43:50.099Z,2025-04-01T13:50:59.691Z
35361846188,MoneyLion - 2025,2025-04-01,2025-04-01,138669962,72018330,693091902,150000.00,2026-03-02T03:06:17.072Z,2025-04-01T15:41:24.855Z
35366792038,Gen Digital - 2025,2025-04-01,2025-04-10,138669962,72018330,693091902,100000.00,2026-03-07T05:33:41.339Z,2025-04-01T22:08:20.625Z
35429546801,Rocket - Content Catalyst,2025-04-02,2025-04-02,138669962,72018330,349190077,0.00,2025-06-25T18:30:42.063Z,2025-04-03T02:54:16.488Z
35479879173,Bank of America - Project Synthesis,2025-04-03,2025-04-04,138620988,72018330,723668113,400000.00,2025-05-01T15:37:12.382Z,2025-04-04T16:54:20.863Z
35483314338,EY - K1 2026-2027,2025-04-03,2025-04-04,138620988,72018330,81700088,295000.00,2026-04-24T16:09:28.238Z,2025-04-04T18:03:02.474Z
35594860072,Axios - one campaign,2025-04-08,2025-04-08,138620988,72018330,723668113,12000.00,2025-05-22T20:44:12.625Z,2025-04-08T15:44:00.422Z
35809906056,ADP - K1 (JCI),2025-04-09,2025-04-15,138620988,72018330,702586472,447000.00,2025-06-24T12:42:25.676Z,2025-04-15T20:29:49.642Z
36065504431,National Grid (Pace) K1,2025-04-01,2025-04-09,138669962,72018330,693091902,,2025-06-24T18:58:50.611Z,2025-04-22T14:09:21.927Z
36080039341,Morgan Stanley - ACE,2025-04-08,2025-04-16,138620984,72018330,349190077,455000.00,2026-08-03T18:17:19.288Z,2025-04-22T14:21:31.988Z
36065507912,Whirlpool (Manifest) - K1,2025-04-15,2025-04-18,138669962,72018330,723668771,,2025-05-15T19:22:05.906Z,2025-04-22T14:27:16.167Z
36153564209,Salesforce - Jay Eck,2025-04-23,2025-04-29,138669962,72018330,693091902,,2025-05-02T22:35:22.060Z,2025-04-23T20:48:20.694Z
36808957869,Capital Group - 2025,2025-05-06,2025-05-07,138669962,72018330,693091902,,2025-07-18T21:54:08.649Z,2025-05-06T14:52:45.274Z
36892998693,McAfee 2025,2025-05-07,2025-05-07,138620983,72018330,693091902,160000.00,2026-08-20T22:25:04.560Z,2025-05-07T21:39:18.765Z
36915518468,HCLTech - Dan MacAvoy,2025-05-07,2025-05-22,138669962,72018330,693091902,55000.00,2025-08-13T14:59:54.778Z,2025-05-07T21:47:13.258Z
36943836478,JLL - 2025,2025-05-07,2025-05-07,138669962,72018330,693091902,,2025-10-20T21:58:11.535Z,2025-05-08T12:35:24.546Z
36988805044,Wells Fargo - Synthesis,2025-05-08,2025-05-09,138669962,72018330,723668113,100000.00,2025-08-27T20:45:15.404Z,2025-05-09T15:58:42.603Z
37021809306,Realtor - Inman campaign,2025-05-05,,138669962,72018330,723668113,,2025-06-24T13:59:51.246Z,2025-05-09T21:34:58.116Z
37021817188,Smartsheet - 2025,2025-05-09,2025-05-13,138669962,72018330,693091902,,2025-05-20T23:59:45.018Z,2025-05-10T00:21:30.974Z
37314620304,Ameriprise - K1,2025-05-16,,138669962,72018330,723668771,,2026-04-08T19:35:00.741Z,2025-05-16T14:26:47.479Z
38336273171,Samsung - Growth Marketing - Content RFQ,2025-06-06,2025-06-06,138669962,72018330,693091902,35000.00,2025-06-30T22:44:32.536Z,2025-06-03T02:04:18.432Z
38584910957,Principal - 2025,2025-06-17,2025-06-23,138669962,72018330,693091902,,2025-08-01T18:15:40.308Z,2025-06-06T15:50:41.071Z
38601776721,MetLife - Paid/Joe Page,2025-06-20,2025-06-20,138669962,72018330,693091902,35000.00,2025-08-01T18:35:39.614Z,2025-06-06T22:37:56.721Z
38601792574,Affirm - AgentC,2025-06-17,2025-06-17,138669962,72018330,693091902,35000.00,2025-10-30T23:28:47.589Z,2025-06-07T17:27:41.198Z
38727615360,Policy Genius / Zinnia - Content Catalysts,2025-06-10,2025-06-10,138620988,72018330,702586472,24320.00,2025-06-24T13:39:17.779Z,2025-06-10T13:04:53.840Z
38824212035,Box - AgentC,2025-07-02,2025-07-09,138669962,72018330,693091902,,2025-08-28T23:14:25.786Z,2025-06-12T22:35:59.577Z
38822986546,Google - DTC,2025-06-20,2025-06-20,138669962,72018330,693091902,,2025-08-18T17:11:38.984Z,2025-06-12T22:38:38.883Z
38824212331,Employ - 2025,2025-06-26,2025-06-26,138669962,72018330,693091902,,2025-08-11T14:53:37.862Z,2025-06-12T22:39:58.681Z
38824212776,H&R Block - 2025,2025-06-13,2025-06-13,138669962,72018330,693091902,220000.00,2026-05-12T21:39:29.439Z,2025-06-12T22:46:19.743Z
38852026635,Evernorth - 2025,2025-06-16,2025-06-24,138669962,72018330,693091902,250000.00,2025-12-19T16:56:04.374Z,2025-06-13T19:42:12.387Z
38854560516,Unity - AgentC,2025-06-18,2025-06-18,138669962,72018330,693091902,,2025-08-22T04:52:37.715Z,2025-06-13T19:43:53.382Z
38854566823,Chatham 2025-26 - IPM,2025-09-11,2025-09-11,138669962,72018330,349190077,,2025-10-24T18:25:37.074Z,2025-06-13T20:33:27.877Z
38852034949,BlackRock - Institutional (Graciela),2025-05-30,2025-05-30,138669962,72018330,693091902,125000.00,2026-02-06T03:42:34.058Z,2025-06-13T20:45:49.933Z
38854573838,Box (June 2025),2025-06-13,2025-06-26,138620988,72018330,693091902,135000.00,2026-01-15T22:01:28.082Z,2025-06-13T21:49:30.826Z
38960356720,CNN,2025-06-12,2025-06-20,138669962,72018330,723668771,,2025-08-29T17:10:21.109Z,2025-06-16T17:57:42.755Z
38950437521,GE Healthcare - K1,2025-06-09,2025-06-12,138669962,72018330,693091902,130000.00,2026-03-02T02:55:29.721Z,2025-06-16T18:30:44.441Z
39110414956,Samsung - Growth Marketing - Expanded SOW,2025-05-27,2025-06-20,138620988,72018330,693091902,111053.14,2025-07-26T18:33:48.761Z,2025-06-20T23:24:11.042Z
39221661440,ezCater 2025-26 - IPM,2025-06-20,2025-06-20,138669962,72018330,349190077,150000.00,2025-10-03T18:29:54.435Z,2025-06-23T18:36:54.988Z
39259406908,GM 2026 - ACE POC (US),2025-06-09,2025-06-18,138620983,72018330,87170480,300000.00,2026-07-30T18:44:42.601Z,2025-06-24T19:06:14.883Z
39259457871,Ally AI Strategic Services 11/1-12/5/25,2025-06-03,2025-06-12,138620988,72018330,723668771,,2025-11-03T20:28:18.379Z,2025-06-24T19:16:26.838Z
39259458943,Operation Smile - K1,2025-06-17,2025-06-23,138669962,72018330,723668771,,2026-04-10T00:00:00Z,2025-06-24T19:22:51.088Z
39276623170,Policy Genius / Zinnia - Content Catalysts,2025-09-01,2025-09-10,138620988,72018330,702586472,145380.00,2025-10-29T14:09:01.736Z,2025-06-25T13:44:24.558Z
39334040858,Deloitte - LLM Discovery,2025-05-28,2025-06-25,138620988,72018330,723668113,20000.00,2025-09-18T17:38:36.041Z,2025-06-26T14:20:05.726Z
39369275495,SYF - JCREW Application Landing Page,2025-06-04,2025-06-11,138620988,72018330,702586472,,2026-05-14T12:58:00.340Z,2025-06-27T14:36:12.102Z
39383812787,Hiscox USA 2025-26 - IPM/AgentC,2025-06-17,2025-06-27,138669962,72018330,349190077,150000.00,2026-01-29T20:10:29.413Z,2025-06-27T16:34:47.686Z
39387606030,Cru.org - K1 (JCI + KSC) New Logo,2025-06-04,2025-06-27,138620988,72018330,702586472,90000.00,2025-10-29T17:09:22.291Z,2025-06-27T21:53:50.725Z
39542861877,CBRE (AgentC/K1),2025-06-24,2025-08-06,138669962,72018330,349190077,150000.00,2026-03-31T20:55:11.655Z,2025-07-01T13:39:14.929Z
39662367863,Marriott - Hotel Brands Pilot,2025-07-03,2025-07-03,138620984,72018330,87170480,50000.00,2026-07-31T18:17:15.120Z,2025-07-03T19:20:27.576Z
39873516473,Choice Hotels 2025-26 - Knotch One IPM,2025-07-24,2025-07-24,138620984,72018330,349190077,350000.00,2026-07-21T00:14:49.164Z,2025-07-08T20:31:31.137Z
40397280533,Docusign - Pageview amendment,2025-07-09,2025-07-11,138620988,72018330,702586472,12500.00,2025-07-28T19:46:33.378Z,2025-07-17T16:09:56.669Z
40471618735,ADP - AIQ,2025-07-14,2025-07-14,138669962,72018330,702586472,75000.00,2026-03-18T23:06:56.299Z,2025-07-18T17:39:59.279Z
51340228669,Wells Fargo - Content Agency,2025-09-22,2025-09-22,138669962,72018330,723668113,494887.00,2025-12-15T21:31:10.604Z,2025-07-29T01:05:58.470Z
41025791903,"Slalom - K1, AgentC",2025-07-29,2025-08-05,138669962,72018330,693091902,,2025-10-20T21:42:13.450Z,2025-07-29T16:09:25.860Z
41189109303,"BlackRock - Advisor (Nicole) - AgentC, CC, Consulting",2025-06-19,2025-06-26,138669962,72018330,693091902,300000.00,2026-01-18T21:09:56.469Z,2025-08-01T17:37:17.516Z
41189183120,BlackRock - Platform,2025-06-11,2025-06-18,138669962,72018330,693091902,225000.00,2025-11-21T22:28:05.677Z,2025-08-01T17:44:10.749Z
41191551748,Seismic,2025-07-30,2025-07-31,138669962,72018330,693091902,100000.00,2025-10-23T15:29:48.057Z,2025-08-01T18:43:38.271Z
41554364042,"Edward Jones - CMO, Brand",2025-08-22,2025-09-04,138620988,72018330,693091902,225000.00,2025-11-29T03:59:52.943Z,2025-08-07T19:26:37.809Z
41554370109,Oak Street Health,2025-08-07,2025-09-19,138669962,72018330,693091902,,2025-10-07T18:17:37.681Z,2025-08-07T20:06:09.922Z
41945969579,Marriott - Hotel Brands ,2025-08-14,2025-08-21,138669962,72018330,723668113,275000.00,2025-10-10T18:55:01.139Z,2025-08-13T12:43:16.691Z
41953527145,Thermo Fisher - 2025,2025-08-13,2025-08-29,138669962,72018330,693091902,,2025-11-21T22:15:06.011Z,2025-08-13T14:56:10.656Z
42100296472,Axios - 2026,2025-08-14,2025-08-14,138669962,72018330,723668113,48000.00,2025-10-03T17:11:22.705Z,2025-08-14T19:40:31.773Z
43008779449,Vimeo 2026 - IPM,2025-08-27,2025-09-03,138669962,72018330,349190077,,2026-04-03T03:14:09.143Z,2025-08-28T15:15:50.652Z
43264376744,The Azek Company - Consulting (UX + content gaps),2025-08-19,2025-08-29,138620988,72018330,702586472,,2025-09-04T20:09:05.013Z,2025-09-02T17:29:48.399Z
43407975963,T-Mobile 2025-26,2025-09-05,2025-09-18,138669962,72018330,693091902,,2025-12-12T23:28:36.277Z,2025-09-06T00:12:05.764Z
43490949722,Rockefeller Capital Management 2025-26 - IPM,2025-09-05,2025-09-10,138669962,72018330,693091902,100000.00,2026-03-31T21:01:00.323Z,2025-09-08T18:51:26.634Z
43476128796,Teladoc 2025-26,2025-09-05,2025-09-09,138669962,72018330,81700088,,2026-03-31T21:00:05.383Z,2025-09-08T18:56:02.571Z
43491012163,BNY 2025-26,2025-09-05,2025-09-11,152455272,72018330,693091902,150000.00,2026-09-01T01:36:33.407Z,2025-09-08T19:00:10.616Z
43524636002,Wells Fargo - WIM IPM,2025-09-09,2025-09-09,138669962,72018330,723668113,0.00,2025-12-12T20:05:41.838Z,2025-09-09T20:40:04.464Z
43530743393,Azek - Consulting (September additional spend),2025-09-08,2025-09-09,138620988,72018330,702586472,,2025-09-22T13:50:04.393Z,2025-09-09T22:16:11.918Z
43542854008,Samsung - website re-design,2025-09-11,2025-09-09,138669962,72018330,723668113,,2025-10-07T17:48:43.821Z,2025-09-11T12:52:08.122Z
43658927477,Equinix  ,2025-09-08,2025-09-25,138669962,72018330,693091902,,2025-11-05T21:24:57.754Z,2025-09-12T18:25:28.536Z
43659265669,US Bank - 2025/2026,2025-09-04,2025-09-17,138669962,72018330,693091902,75000.00,2026-03-13T22:11:22.103Z,2025-09-12T18:28:35.605Z
43635626346,MetLife - Karen Belt,2025-09-05,2025-09-23,138669962,72018330,693091902,,2025-11-21T22:16:28.466Z,2025-09-12T18:30:15.731Z
43659366970,Fiserv,2025-09-08,2025-09-09,138620984,72018330,693091902,305000.00,2026-08-14T03:21:17.794Z,2025-09-12T18:31:37.598Z
43827305588,Synchrony - AgentC (CareCredit LLM),2025-09-15,2025-09-16,138669962,72018330,702586472,0.00,2025-12-04T18:57:52.684Z,2025-09-16T23:46:16.642Z
43835311388,Zoom - KSC,2025-08-20,2025-08-28,138669962,72018330,702586472,60000.00,2026-03-06T15:47:25.820Z,2025-09-16T23:49:03.115Z
44206604185,Samsung Ads Canada ,2025-09-16,2025-09-19,138620988,72018330,693091902,128000.00,2026-01-16T18:01:40.690Z,2025-09-18T21:58:55.618Z
44074652051,Mayo Clinic 2025-26 - IPM,2025-09-29,2025-09-18,138669962,72018330,349190077,,2026-04-10T17:29:05.985Z,2025-09-22T16:55:23.632Z
44133405332,Mint Mobile - 2025/2026,2025-09-02,2025-09-03,138669962,72018330,693091902,,2026-03-02T03:27:41.431Z,2025-09-22T23:00:04.471Z
44866683711,Universal Orlando Resort 2025-26 - IPM,2025-09-29,2025-09-29,138669962,72018330,349190077,310000.00,2026-01-30T16:27:29.671Z,2025-09-30T17:24:50.216Z
45416929958,Novartis - LLM,2025-10-07,2025-10-10,138669962,72018330,702586472,0.00,2026-01-20T15:56:05.323Z,2025-10-07T20:23:23.424Z
45417180856,Edelman Financial Engines,2025-10-07,2025-10-14,138620988,72018330,693091902,190000.00,2026-04-20T23:15:39.084Z,2025-10-07T20:27:46.193Z
45429645928,Frontdoor 2026-27,2025-10-08,2025-10-14,138620988,72018330,693091902,150000.00,2025-11-25T21:35:16.144Z,2025-10-08T19:04:41.815Z
45968110644,McKinsey & Company 2025-26 - IPM,2025-10-15,2025-10-15,138669962,72018330,349190077,,2026-01-29T16:35:45.285Z,2025-10-15T02:05:37.479Z
46041541202,Colgate - K1,2025-10-15,2025-10-08,138620988,72018330,723668771,300000.00,2026-01-30T18:39:06.444Z,2025-10-15T18:46:52.629Z
46257020321,Priceline.com - K1,2025-10-13,2025-10-16,138669962,72018330,81700088,,2026-03-31T20:58:37.155Z,2025-10-16T18:02:03.132Z
46557893250,Mercury - 2025,2025-10-18,2025-11-03,138669962,72018330,693091902,,2026-01-26T17:02:42.210Z,2025-10-20T16:18:13.775Z
46558015890,Edward Jones - Services ,2025-10-15,2025-10-17,138620988,72018330,693091902,,2026-01-20T16:48:27.334Z,2025-10-20T16:22:45.708Z
44853740048,BofA - COE Content Catalyst (BMH and Deposits),2025-09-22,2025-09-26,138620984,72018330,723668113,250000.00,2026-06-30T13:54:55.240Z,2025-10-20T18:56:18.101Z
46563887621,Aon 2025-26,2025-10-01,2025-10-15,138669962,72018330,349190077,150000.00,2026-05-10T00:00:00Z,2025-10-20T19:15:27.539Z
46558024728,Guardian Life ACE,2025-09-18,2025-09-18,152455272,72018330,87170480,300000.00,2026-10-02T03:28:51.450Z,2025-10-20T19:37:52.096Z
46558054808,Peloton 2026,2025-10-07,2025-10-09,138620984,72018330,87170480,350000.00,2026-07-03T23:41:10.097Z,2025-10-21T16:29:33.933Z
46902161592,Goldman Sachs IPM ,2025-10-24,2025-11-21,138669962,72018330,723668113,,2025-12-12T16:26:45.277Z,2025-10-24T12:59:38.715Z
47210310940,Apollo Global Management,2025-10-24,2025-11-11,138620984,72018330,693091902,300000.00,2026-07-17T03:21:13.440Z,2025-10-27T15:19:33.820Z
47416407560,Zoom - AIQ/CC,2025-10-24,2025-10-28,138669962,72018330,702586472,0.00,2026-03-06T15:48:30.043Z,2025-10-28T22:56:35.014Z
47879878177,TIAA - K1,2025-08-26,2025-09-02,138669962,72018330,723668771,,2026-04-10T00:00:00Z,2025-11-03T01:21:45.922Z
48045867670,Mastercard - Knotch One POC,2025-09-08,2025-09-17,138620983,72018330,349190077,500000.00,2026-10-26T15:15:36.915Z,2025-11-03T01:25:19.583Z
48045867685,Lowe's,2025-09-09,2025-10-01,152446547,72018330,723668771,,2026-05-03T01:27:12.507Z,2025-11-03T01:28:17.786Z
48110593857,Prudential Financial 2025-26 - IPM,2025-10-07,2025-10-17,138669962,72018330,693091902,,2026-05-22T20:47:55.557Z,2025-11-03T01:30:17.820Z
47880438102,Mars 2025-26 - IPM,2025-10-21,,138669962,72018330,723668771,,2026-04-10T00:00:00Z,2025-11-03T01:34:04.136Z
48171859471,Rocket Loans - IPM,2025-11-03,,138669962,72018330,723668113,,2026-01-23T13:13:01.238Z,2025-11-04T16:00:03.291Z
48181088042,HCLTech (closed lost outreach),2025-11-04,2025-12-17,138669962,72018330,693091902,,2026-01-09T17:28:32.815Z,2025-11-04T17:48:26.297Z
48892492835,Superhuman / Grammarly - Pilot,2025-11-11,2025-11-13,138620988,72018330,693091902,92500.00,2026-03-26T14:05:51.211Z,2025-11-12T14:36:50.565Z
48791394646,American Cancer Society - ACE,2025-11-11,2025-11-21,138620983,72018330,693091902,100000.00,2026-08-20T20:21:48.142Z,2025-11-12T14:38:01.466Z
49651982420,Klaviyo (closed lost outreach),2025-11-14,2025-12-12,138669962,72018330,693091902,135000.00,2026-03-07T05:06:09.810Z,2025-11-19T23:35:57.766Z
49641846302,Freedom Mortgage - 2026 Knotch,2025-11-19,2025-11-21,138620983,72018330,693091902,150000.00,2026-09-16T14:21:38.484Z,2025-11-19T23:44:07.122Z
49696363684,Ally - K1,2025-11-06,2025-11-17,138620988,72018330,702586472,291900.00,2026-04-17T20:07:42.927Z,2025-11-20T14:46:35.852Z
49731532646,Blackhawk Network 2025-26 - IPM,2025-11-03,2025-11-11,138669962,72018330,693091902,300000.00,2026-02-05T14:38:08.337Z,2025-11-20T17:46:30.249Z
49700752218,dentsu 2025-26 - IPM,2025-11-04,2025-11-12,152446547,72018330,723668771,,2026-05-20T16:48:36.970Z,2025-11-20T17:49:06.496Z
49700805764,RebelDot 2025-26 - IPM,2025-11-12,2025-11-14,152446547,72018330,723668771,,2026-05-20T16:54:56.183Z,2025-11-20T17:55:17.680Z
49757872431,SYF - Retail Thoughtleadership,2025-11-13,2025-11-18,138669962,72018330,702586472,,2026-01-27T20:36:01.280Z,2025-11-20T22:42:18.908Z
49649052454,ServiceTitan - Pro Content Team,2025-11-04,2025-11-20,138669962,72018330,702586472,,2026-03-12T21:46:36.475Z,2025-11-20T22:49:58.216Z
49908658521,Internet Brands,2025-11-18,2025-12-02,138669962,72018330,693091902,,2026-03-31T21:47:37.376Z,2025-11-21T22:25:52.691Z
50435775839,Frontdoor AIQ,2025-09-30,2025-09-29,138620988,72018330,693091902,50000.00,2025-12-19T22:47:26.591Z,2025-11-25T21:36:03.844Z
50713019480,Synchrony - COE Upsell ,2025-11-14,2025-11-25,138620988,72018330,702586472,49700.00,2025-12-23T17:21:59.259Z,2025-12-01T18:05:14.697Z
51881699594,Zillow - ACE,2025-12-08,2025-12-16,138620985,72018330,702586472,0.00,2026-06-15T21:10:58.570Z,2025-12-15T22:12:38.334Z
51926025868,Zillow - Trulia,2025-12-08,2025-12-15,138669962,72018330,702586472,,2026-01-20T16:04:12.133Z,2025-12-15T22:14:22.135Z
52224365387,Chime - ACE,2025-12-15,2025-12-19,152455272,72018330,702586472,180000.00,2026-06-30T12:56:29.866Z,2025-12-19T21:59:07.049Z
52276019039,Samsung Ads US - ACE,2025-12-18,2025-12-18,138669962,72018330,693091902,180000.00,2026-01-27T23:39:45.670Z,2025-12-19T23:19:13.792Z
52224326274,Edward Jones ACE,2025-11-19,2026-01-20,138669962,72018330,693091902,180000.00,2026-01-23T21:51:26.267Z,2025-12-22T18:31:58.373Z
53338227865,Rocket Mortgage - ACE ,2025-12-30,2026-01-05,138620983,72018330,723668113,180000.00,2026-09-30T13:14:56.670Z,2026-01-06T12:57:01.944Z
53886979417,Fox K1 Expansion 2026-27,2025-12-03,2025-12-10,138620985,72018330,627390764,279000.00,2026-05-29T15:55:38.475Z,2026-01-15T03:27:23.879Z
53945998689,Fox ACE Pilot 2026,2025-12-15,2025-12-17,138620984,72018330,627390764,750000.00,2026-07-31T13:51:17.224Z,2026-01-15T03:37:24.574Z
54247080107,SoFi - ACE,2025-12-04,2025-12-18,138669962,72018330,702586472,100000.00,2026-03-02T19:25:04.355Z,2026-01-20T16:07:41.432Z
54223505717,Ally - ACE,2026-01-12,2026-01-16,138620985,72018330,702586472,135000.00,2026-06-30T18:03:25.458Z,2026-01-20T16:14:49.821Z
54263287694,Intuit 2025-26 - Thomas Ranese / Cindy Lewis,2026-02-06,2026-02-04,138669962,72018330,693091902,,2026-03-13T22:26:33.195Z,2026-01-20T17:08:54.241Z
54347283269,Azek - JamesHardie.com,2026-01-22,2026-01-22,138620988,72018330,702586472,,2026-01-29T22:54:20.802Z,2026-01-22T22:40:47.145Z
54347283371,SYF - ACE,2026-01-16,2026-01-22,138669962,72018330,702586472,0.00,2026-04-14T18:56:37.405Z,2026-01-22T22:47:13.884Z
54355756613,Novartis - ACE,2026-01-21,2026-01-29,138669962,72018330,702586472,0.00,2026-02-23T14:13:50.480Z,2026-01-22T22:49:43.238Z
55035046496,Unity - ACE,2026-01-29,2026-02-03,138669962,72018330,693091902,,2026-03-27T23:19:39.342Z,2026-01-29T21:00:55.217Z
55117242457,Moody's 2026 - ACE,2026-01-30,2026-03-04,138620983,72018330,693091902,100000.00,2026-08-06T17:56:25.199Z,2026-01-30T19:57:17.169Z
55389496728,BofA - ACE Beta,2026-01-26,2026-02-02,138620988,72018330,723668113,846000.00,2026-04-30T14:41:26.860Z,2026-02-02T17:22:42.556Z
55389483274,Coursera - Jennifer Clark,2026-02-03,2026-02-05,138669962,72018330,693091902,,2026-03-27T20:30:01.189Z,2026-02-03T20:43:37.492Z
55478364226,ServiceNow - Luke Kintigh,2026-02-05,2026-02-19,138669962,72018330,693091902,,2026-03-13T22:30:34.390Z,2026-02-05T14:25:03.016Z
55585996906,Metlife - ACE,2026-02-05,2026-04-01,138669962,72018330,693091902,100000.00,2026-05-11T17:20:05.937Z,2026-02-05T16:12:45.933Z
56200525386,St Jude ACE,2026-02-05,2026-02-12,138620983,72018330,723668113,180000.00,2026-08-28T12:15:15.373Z,2026-02-13T17:10:07.743Z
56709208974,Mastercard ACE Beta,2026-02-20,2026-02-20,138669962,72018330,349190077,250000.00,2026-05-20T15:16:01.734Z,2026-02-20T15:56:51.676Z
56770138420,Securitas IPM,2026-02-18,2026-02-18,152455272,72018330,723668771,200000.00,2026-07-24T14:27:50.578Z,2026-02-20T16:37:40.095Z
56709518710,Blackstone 2026,2026-02-23,2026-02-02,138620984,72018330,693091902,300000.00,2026-07-31T16:20:03.011Z,2026-02-21T00:12:22.658Z
56770325432,Edward Jones Canada,2026-02-19,2026-02-19,138669962,72018330,693091902,,2026-03-02T03:53:26.245Z,2026-02-21T00:20:18.907Z
56709544593,Square ACE,2026-02-16,,152446547,72018330,90248858,400000.00,2026-07-01T11:58:31.717Z,2026-02-23T12:58:49.442Z
56828999262,"Chime - KSC, CRM integration, Performance Partnership",2026-02-02,2026-02-06,152455272,72018330,702586472,150000.00,2026-09-30T23:40:53.880Z,2026-02-23T14:18:36.026Z
56828814974,SoFi - Content Catalyst,2026-02-03,2026-02-11,138669962,72018330,702586472,75000.00,2026-04-14T17:48:11.598Z,2026-02-23T14:29:34.152Z
56828815226,SYF - True Conversion Measurement,2026-02-17,2026-02-18,152455272,72018330,702586472,25000.00,2026-06-30T20:01:23.553Z,2026-02-23T14:34:06.197Z
56709548454,Zillow - ZPAR,2026-01-20,2026-01-30,138669962,72018330,702586472,,2026-03-18T23:10:45.921Z,2026-02-23T14:39:49.869Z
56896433960,PenFed Credit Union K1 2026,2026-02-12,2026-02-12,138669962,72018330,349190077,175000.00,2026-04-22T21:43:07.857Z,2026-02-23T18:58:16.177Z
56896434997,Morningstar ACE --> Knotch One,2026-01-14,2026-01-22,152455272,72018330,349190077,250000.00,2026-08-23T18:20:19.207Z,2026-02-23T19:21:16.365Z
57030594688,Cloudflare -- ACE 2026,2026-02-26,2026-02-26,138669962,72018330,693091902,,2026-03-02T03:47:57.446Z,2026-02-26T14:59:00.929Z
57093390140,SYF - CC for Auto,2026-02-19,2026-02-26,138669962,72018330,702586472,16500.00,2026-04-14T19:59:29.694Z,2026-02-26T20:50:20.466Z
57099951509,SYF - CC for Home,2026-02-19,2026-02-26,138620988,72018330,702586472,4950.00,2026-04-17T20:08:45.832Z,2026-02-26T20:52:04.873Z
57094258747,Zinnia - Expansion,2026-02-11,2026-02-26,138669962,72018330,702586472,,2026-04-10T19:38:36.296Z,2026-02-26T21:25:12.415Z
57141068309,UoPX - ACE,2026-02-27,2026-02-18,138669962,72018330,723668113,125000.00,2026-05-11T15:15:31.922Z,2026-02-27T17:31:27.169Z
57316313163,Spencer Stuart 2026,2026-02-25,2026-02-25,138669962,72018330,693091902,,2026-03-13T22:31:30.481Z,2026-03-02T03:48:52.161Z
57307666698,BlackRock - Content Team,2026-03-01,2026-03-05,152455272,72018330,693091902,100000.00,2026-09-02T03:54:16.780Z,2026-03-02T03:55:54.966Z
57200941928,Deloitte ACE,2026-03-02,2026-02-24,138620988,72018330,723668113,31732.00,2026-03-26T19:13:49.436Z,2026-03-02T12:32:43.526Z
57619591072,Equinox ACE,2026-03-05,2026-03-18,138620983,72018330,693091902,400000.00,2026-07-29T03:22:02.199Z,2026-03-06T02:48:30.922Z
57830422907,Lenovo - ACE,2026-03-09,2026-03-24,152455272,72018330,693091902,400000.00,2026-10-14T15:11:35.389Z,2026-03-10T03:32:45.317Z
57851250082,Spotify - 2026,2026-03-09,2026-03-16,138620983,72018330,693091902,280000.00,2026-08-20T03:21:37.706Z,2026-03-10T03:36:42.148Z
57865655425,Hasbro ACE,2026-03-10,2026-03-16,138669962,72018330,693091902,100000.00,2026-05-15T22:30:04.556Z,2026-03-11T01:10:48.012Z
57856064116,Edward Jones ACE,2026-03-10,2026-03-18,152455272,72018330,723668113,180000.00,2026-09-30T18:21:11.084Z,2026-03-11T18:04:04.521Z
58029851026,BofA - GEC Phase 1,2026-03-13,2026-03-13,138620984,72018330,723668113,275000.00,2026-06-30T16:27:24.644Z,2026-03-17T13:51:52.771Z
58134591499,Cox - ACE,2026-02-18,2026-03-06,152455272,72018330,90248858,20000.00,2026-06-30T18:52:08.504Z,2026-03-18T16:55:33.150Z
58208818503,NEXT Insurance - ACE,2026-03-20,2026-03-20,138669962,72018330,693091902,,2026-04-06T15:36:09.360Z,2026-03-20T22:20:57.882Z
58208757056,Hearst StoryStudio - Inbound,2026-03-17,2026-03-19,138669962,72018330,693091902,,2026-03-20T22:23:13.073Z,2026-03-20T22:22:50.206Z
58208773890,GM ACE Master KB - 2026,2026-01-27,2026-02-12,138669962,72018330,87170480,500000.00,2026-04-08T02:37:58.009Z,2026-03-23T02:08:48.013Z
58208278868,Citigroup 2026 - ACE POC,2026-02-25,2026-02-28,138620983,72018330,87170480,250000.00,2026-07-30T18:43:56.180Z,2026-03-23T02:13:53.051Z
58208835095,GEICO 2026: ACE POC,2026-02-12,2026-02-10,138620983,72018330,87170480,300000.00,2026-07-15T18:44:02.655Z,2026-03-23T02:17:08.774Z
58208360055,KPMG - TBD (Laureline),2026-03-10,2026-05-04,138669962,72018330,702586472,,2026-05-04T12:55:52.710Z,2026-03-23T16:03:34.923Z
58208298512,SoFi - Consulting,2026-02-24,2026-03-02,138669962,72018330,702586472,,2026-05-18T18:03:51.628Z,2026-03-23T16:12:17.981Z
58208240720,RSM US LLP 2025-26 - IPM,2026-03-23,2026-03-23,152455272,72018330,349190077,175000.00,2026-09-23T17:24:53.098Z,2026-03-23T17:25:22.528Z
58331975334,Rocket - RedFin expansion,2026-03-25,2026-03-26,138620988,72018330,723668113,213000.00,2026-04-30T23:57:04.413Z,2026-03-25T18:12:43.328Z
58295375289,Wells Fargo Consumer Bank IPM,2026-03-25,2026-04-02,138669962,72018330,723668113,,2026-04-05T12:25:13.695Z,2026-03-25T18:57:46.370Z
58474597722,PayPal 2025-26 - IPM,2026-04-16,,152446547,72018330,87170480,,2026-09-27T15:16:30.093Z,2026-03-27T15:17:29.730Z
58474793986,Moody's 2026 - Performance (Tuan),2026-03-25,2026-03-27,138669962,72018330,693091902,100000.00,2026-05-15T22:25:48.179Z,2026-03-27T23:32:48.162Z
58479601522,Intel 2026,2026-03-10,2026-03-24,152455272,72018330,693091902,100000.00,2026-09-27T23:40:25.617Z,2026-03-27T23:40:48.190Z
58676844041,JamesHardie - Consulting UX,2026-03-31,2026-03-31,138620988,72018330,702586472,,2026-04-29T19:49:22.869Z,2026-04-02T12:37:35.595Z
58686871106,UPS 2025-26 - IPM,2026-04-14,,152446547,72018330,90248858,,2026-10-02T21:42:01.767Z,2026-04-02T21:42:23.289Z
58798212633,American Express 2026,2026-04-20,2026-05-13,152455272,72018330,87170480,300000.00,2026-10-02T03:29:54.079Z,2026-04-06T14:06:16.261Z
58754558127,Microchip Technology Inc. 2025-26 - IPM,2026-04-08,2026-04-07,138669962,72018330,349190077,,2026-05-20T15:18:16.786Z,2026-04-06T18:25:11.385Z
58902511779,National Debt Relief 2025-26 - ACE,2026-04-20,2026-04-20,152455272,72018330,349190077,250000.00,2026-10-07T21:41:15.478Z,2026-04-07T21:41:52.362Z
59185276714,BofA Wealth - Testing IPM,2026-04-16,2026-04-23,152446547,72018330,723668113,,2026-07-31T17:13:05.530Z,2026-04-16T19:27:40.373Z
59277466038,Affirm - ACE,2026-04-17,2026-04-22,152455272,72018330,693091902,100000.00,2026-10-17T21:55:31.565Z,2026-04-17T21:56:02.560Z
59369958542,Edelman Financial Engines - 2026 Expansion,2026-03-26,2026-03-19,152446547,72018330,693091902,400000.00,2026-08-20T15:18:32.428Z,2026-04-20T15:18:35.398Z
59419274518,ACG - ACE,2026-04-22,2026-04-30,152446547,72018330,702586472,0.00,2026-10-22T18:42:40.415Z,2026-04-22T18:46:06.528Z
59418777402,Insperity - ACE,2026-04-23,,152446547,72018330,90248858,0.00,2026-10-23T15:52:35.409Z,2026-04-23T16:02:21.944Z
59477376367,Bloomberg Studio - IPM,2026-04-08,2026-04-23,152446547,72018330,87170480,,2026-07-31T16:49:46.561Z,2026-04-23T16:51:12.400Z
59609937462,SYF - ACE,2026-04-24,2026-04-28,152446547,72018330,702586472,0.00,2026-10-24T20:35:12.889Z,2026-04-24T20:36:08.714Z
59680044175,NielsenIQ - 2026,2026-04-23,2026-04-29,138669962,72018330,693091902,,2026-05-15T22:34:50.031Z,2026-04-24T21:51:43.110Z
59609988455,Attentive - 2026,2026-04-22,2026-04-28,138669962,72018330,693091902,,2026-05-11T17:34:34.142Z,2026-04-24T21:53:04.221Z
59915191435,SYF - Belk PoC,2026-05-01,,152455272,72018330,702586472,40000.00,2026-11-01T19:51:30.340Z,2026-05-01T19:52:43.304Z
60039296787,Azek - ACE,2026-04-09,,152446547,72018330,702586472,0.00,2026-11-06T03:57:33.650Z,2026-05-06T02:59:03.420Z
60083583049,BofA - ACE Phase 4 - 5,2026-05-11,,152455272,72018330,723668113,654000.00,2026-10-29T00:00:00Z,2026-05-11T12:39:29.564Z
60275599440,TurboTax - ACE,2026-05-14,2026-05-14,152455272,72018330,693091902,100000.00,2026-09-08T21:01:40.775Z,2026-05-15T20:59:22.170Z
60275607824,Boston Childrens - 2026,2026-05-04,2026-05-08,152455272,72018330,693091902,70000.00,2026-11-15T22:11:48.331Z,2026-05-15T21:15:57.114Z
60275606697,Novo Nordisk - ACE,2026-04-13,2026-04-13,152455272,72018330,693091902,100000.00,2026-11-15T22:23:54.467Z,2026-05-15T21:24:19.084Z
60316971647,JPMC Cards 2025-26 - IPM,2026-04-22,,152446547,72018330,87170480,,2026-11-18T00:30:22.300Z,2026-05-17T23:31:01.901Z
60316978105,Bloomberg Subscriptions - IPM,2026-05-14,2026-05-26,152446547,72018330,87170480,0.00,2026-11-18T02:03:28.675Z,2026-05-18T01:09:46.700Z
60525068075,Colgate - Project Smokescreen,2026-05-22,,152446547,72018330,723668113,180000.00,2026-07-31T13:15:10.959Z,2026-05-22T13:15:58.087Z
60627908177,BofA - GEC Phase 2,2026-06-30,,152446547,72018330,723668113,500000.00,2026-09-30T16:29:55.158Z,2026-05-25T16:30:00.122Z
60632954260,JPMChase- Consumer Cards,2026-05-11,,152455272,72018330,87170480,,2026-09-01T02:37:18.753Z,2026-05-26T02:36:33.750Z
60650541404,GEICO 2025-26 - IPM,2026-05-19,,152446547,72018330,87170480,,2026-07-31T18:48:58.351Z,2026-05-26T18:49:39.690Z
60670254188,Keck Medicine of USC 2025-26 - IPM,2026-06-01,,152446547,72018330,349190077,,2026-11-27T16:03:34.802Z,2026-05-27T15:05:20.815Z
